Domain,Type,Name
academy,Work,
accountant,Work,
accountants,Work,
agency,Work,
aero,Work,
apps,Work,
associates,Work,
attorney,Work,
auction,Work,
biz,Work,
business,Work,
buzz,Work,
cancerresearch,Work,
care,Work,
carrer,Work,
carrers,Work,
casino,Work,
church,Work,
club,Work,
college,Work,
company,Work,
consulting,Work,
contractors,Work,
coop,Work,
design,Work,
eco,Work,
education,Work,
energy,Work,
enterprises,Work,
esq,Work,
estate,Work,
expert,Work,
fashion,Work,
finance,Work,
financial,Work,
fish,Work,
fishing,Work,
flights,Work,
forsale,Work,
fund,Work,
furniture,Work,
gop,Work,
green,Work,
guru,Work,
health,Work,
healthcare,Work,
holdings,Work,
holiday,Work,
homegoods,Work,
homes,Work,
horse,Work,
hospital,Work,
host,Work,
hosting,Work,
hotels,Work,
house,Work,
icu,Work,
insurance,Work,
insure,Work,
investments,Work,
jobs,Work,
land,Work,
law,Work,
lawyer,Work,
lease,Work,
legal,Work,
loan,Work,
loans,Work,
luxury,Work,
management,Work,
market,Work,
marketing,Work,
markets,Work,
mba,Work,
me,Personal,
med,Work,
meet,Work,
memorial,Work,
menu,Work,
money,Work,
mortage,Work,
movie,Work,
museum,Work,
name,Personal,
news,Work,
ngo,Work,
observer,Work,
ong,Work,
partners,Work,
parts,Work,
pharmacy,Work,
physio,Work,
plumbing,Work,
post,Work,
press,Work,
pro,Work,
prof,Work,
properties,Work,
property,Work,
pub,Work,
realestate,Work,
realtor,Work,
reit,Work,
rent,Work,
rentals,Work,
repair,Work,
report,Work,
republican,Work,
rest,Work,
restaurant,Work,
review,Work,
reviews,Work,
rich,Work,
sale,Work,
scholarships,Work,
school,Work,
science,Work,
services,Work,
software,Work,
solutions,Work,
studio,Work,
supplies,Work,
supply,Work,
support,Work,
surgery,Work,
systems,Work,
tax,Work,
taxi,Work,
tel,Work,
theater,Work,
tickets,Work,
tires,Work,
tools,Work,
trade,Work,
trading,Work,
travel,Work,
travelerinsurance,Work,
trust,Work,
university,Work,
ventures,Work,
villas,Work,
vision,Work,
vote,Work,
voting,Work,
watch,Work,
watches,Work,
weather,Work,
wed,Work,
wedding,Work,
work,Work,
works,Work,
clinique,Work,
luxe,Work,
maison,Work,
sarl,Work,
gmbh,Work,
haus,Work,
immobilien,Work,
reise,Work,
reisen,Work,
schule,Work,
versicherung,Work,
shiksha,Work,
casa,Work,
immo,Work,
moda,Work,
voto,Work,
passagens,Work,
abogado,Work,
hoteles,Work,
ltda,Work,
tienda,Work,
viajes,Work,
vuelos,Work,
